{"name":"2961b556-ed46-42f5-bfbc-6467c24e92a2","id":"/providers/Microsoft.Flow/flows/2961b556-ed46-42f5-bfbc-6467c24e92a2","type":"Microsoft.Flow/flows","properties":{"apiId":"/providers/Microsoft.PowerApps/apis/shared_logicflows","displayName":"When a file is created -> Get file content,Condition,Send an email ...","definition":{"metadata":{"workflowEntityId":null,"processAdvisorMetadata":null,"flowChargedByPaygo":null,"flowclientsuspensionreason":"None","flowclientsuspensiontime":null,"flowclientsuspensionreasondetails":null,"creator":{"id":"ec7d264a-6d4e-4b10-a32f-333a2c6ce075","type":"User","tenantId":"71260448-f1a9-4729-b630-4882e4dc58f5"},"provisioningMethod":"FromDefinition","failureAlertSubscription":true,"clientLastModifiedTime":"2024-01-06T11:25:12.9585063Z","connectionKeySavedTimeKey":"2024-01-06T11:25:12.9585063Z"},"$schema":"https://schema.management.azure.com/providers/Microsoft.Logic/schemas/2016-06-01/workflowdefinition.json#","contentVersion":"1.0.0.0","parameters":{"$connections":{"defaultValue":{},"type":"Object"},"$authentication":{"defaultValue":{},"type":"SecureObject"}},"triggers":{"When_a_file_is_modified":{"recurrence":{"frequency":"Minute","interval":5},"metadata":{"b!S-wLDXoo0ku0ARQLXgJYP70GgBmqn8JFpulYzUlW92NiBA4JTkKrQai-ziXV9JZy.01GLID63DSRIVYGGPFANFZ25SQBHCDNSZU":"/ProjetEN/Placer note de frais","operationMetadataId":"483f8cc5-9703-49d8-aa39-22ae3628ac04"},"type":"OpenApiConnection","inputs":{"host":{"apiId":"/providers/Microsoft.PowerApps/apis/shared_onedriveforbusiness","connectionName":"shared_onedriveforbusiness","operationId":"OnUpdatedFileV2"},"parameters":{"folderId":"b!S-wLDXoo0ku0ARQLXgJYP70GgBmqn8JFpulYzUlW92NiBA4JTkKrQai-ziXV9JZy.01GLID63DSRIVYGGPFANFZ25SQBHCDNSZU","includeSubfolders":false,"inferContentType":true},"authentication":"@parameters('$authentication')"}}},"actions":{"Get_file_content":{"runAfter":{},"metadata":{"b!S-wLDXoo0ku0ARQLXgJYP70GgBmqn8JFpulYzUlW92NiBA4JTkKrQai-ziXV9JZy.01GLID63AFTATZHASJMJA3D3U6LDEX6G3Y":"/Projet/Note de frais vièrge/note_de_frais_vierge.xlsx","operationMetadataId":"ff28117c-1710-4ec1-875c-1f85462b4fd9"},"type":"OpenApiConnection","inputs":{"host":{"apiId":"/providers/Microsoft.PowerApps/apis/shared_onedriveforbusiness","connectionName":"shared_onedriveforbusiness","operationId":"GetFileContent"},"parameters":{"id":"@triggerOutputs()?['headers/x-ms-file-id']","inferContentType":true},"authentication":"@parameters('$authentication')"}},"List_rows_present_in_a_table":{"runAfter":{"Get_file_content":["Succeeded"]},"metadata":{"01GLID63HJZ2PTT3RFJ5A23SRLXHV4MN75":"/ProjetEN/Contenant/Classeur.xlsx","operationMetadataId":"5c58e59f-5101-424c-ad68-52b5797ea875","tableId":"{1B15A8C9-3EB3-4F14-8C38-518E71DDAB2C}","01GLID63A2CIAXKRF26NBIYBYF7DBU22B3":"/ProjetEN/Placer note de frais/kilometrique.xlsx"},"type":"OpenApiConnection","inputs":{"host":{"apiId":"/providers/Microsoft.PowerApps/apis/shared_excelonlinebusiness","connectionName":"shared_excelonlinebusiness","operationId":"GetItems"},"parameters":{"source":"me","drive":"b!S-wLDXoo0ku0ARQLXgJYP70GgBmqn8JFpulYzUlW92NiBA4JTkKrQai-ziXV9JZy","file":"01GLID63A2CIAXKRF26NBIYBYF7DBU22B3","table":"{8E63E8E5-DDC6-4217-AAFE-6C6E5FA001E0}"},"authentication":"@parameters('$authentication')"}},"Apply_to_each":{"foreach":"@outputs('List_rows_present_in_a_table')?['body/value']","actions":{"Condition":{"actions":{"Apply_to_each_2":{"foreach":"@outputs('List_rows_present_in_a_table_2')?['body/value']","actions":{"Send_an_email_(V2)":{"runAfter":{},"metadata":{"operationMetadataId":"7b4d0633-f7fc-4355-9ec3-b54db0e79270"},"type":"OpenApiConnection","inputs":{"host":{"apiId":"/providers/Microsoft.PowerApps/apis/shared_office365","connectionName":"shared_office365","operationId":"SendEmailV2"},"parameters":{"emailMessage/To":"etu54404@henallux.be","emailMessage/Subject":"Note de frais validée","emailMessage/Body":"<p>c'est valide&nbsp;&nbsp;@{items('Apply_to_each_2')?['Montant']}</p>","emailMessage/Importance":"Normal"},"authentication":"@parameters('$authentication')"}}},"runAfter":{},"metadata":{"operationMetadataId":"ee6098e4-adb7-425c-995f-1dd85b14bcf1"},"type":"Foreach"},"Apply_to_each_3":{"foreach":"@outputs('List_rows_present_in_a_table_2')?['body/value']","actions":{"Create_file":{"runAfter":{},"metadata":{"operationMetadataId":"695ee800-839e-474b-9ddf-d6cb9a705490"},"type":"OpenApiConnection","inputs":{"host":{"apiId":"/providers/Microsoft.PowerApps/apis/shared_onedriveforbusiness","connectionName":"shared_onedriveforbusiness","operationId":"CreateFile"},"parameters":{"folderPath":"/ProjetEN/NoteDeFraisValide","name":"Note Valide @{variables('N°Note de frais')}","body":"@body('Get_file_content')"},"authentication":"@parameters('$authentication')"},"runtimeConfiguration":{"contentTransfer":{"transferMode":"Chunked"}}}},"runAfter":{"Apply_to_each_2":["Succeeded"]},"metadata":{"operationMetadataId":"62d1e733-11fb-4299-a530-e7851a756ac3"},"type":"Foreach"}},"runAfter":{},"else":{"actions":{"Send_an_email_(V2)_1":{"runAfter":{},"metadata":{"operationMetadataId":"060f586d-9e68-4a4a-a954-759a6e735aea"},"type":"OpenApiConnection","inputs":{"host":{"apiId":"/providers/Microsoft.PowerApps/apis/shared_office365","connectionName":"shared_office365","operationId":"SendEmailV2"},"parameters":{"emailMessage/To":"etu54404@henallux.be","emailMessage/Subject":"Note de frais refusée","emailMessage/Body":"<p>refusée</p>","emailMessage/Importance":"Normal"},"authentication":"@parameters('$authentication')"}}}},"expression":{"contains":["@items('Apply_to_each')?['Type de note']","kilométrique"]},"metadata":{"operationMetadataId":"1ac5b37c-91fa-4c41-8f47-fac4dc58d537"},"type":"If"}},"runAfter":{"Increment_variable":["Succeeded"]},"metadata":{"operationMetadataId":"8f847db0-1fc0-474a-8c9d-65ee6b9a0dde"},"type":"Foreach"},"List_rows_present_in_a_table_2":{"runAfter":{"List_rows_present_in_a_table":["Succeeded"]},"metadata":{"01GLID63A2CIAXKRF26NBIYBYF7DBU22B3":"/ProjetEN/Placer note de frais/kilometrique.xlsx","operationMetadataId":"6ac53af3-f871-4988-a921-e417480dd881"},"type":"OpenApiConnection","inputs":{"host":{"apiId":"/providers/Microsoft.PowerApps/apis/shared_excelonlinebusiness","connectionName":"shared_excelonlinebusiness","operationId":"GetItems"},"parameters":{"source":"me","drive":"b!S-wLDXoo0ku0ARQLXgJYP70GgBmqn8JFpulYzUlW92NiBA4JTkKrQai-ziXV9JZy","file":"01GLID63A2CIAXKRF26NBIYBYF7DBU22B3","table":"{D58A842C-0E27-4B2A-B1D9-C6EC2A62ED96}"},"authentication":"@parameters('$authentication')"}},"Initialize_variable":{"runAfter":{"List_rows_present_in_a_table_2":["Succeeded"]},"metadata":{"operationMetadataId":"f149c834-7281-4332-b1c7-754b9401f5a7"},"type":"InitializeVariable","inputs":{"variables":[{"name":"n°Note de frais","type":"float","value":0}]}},"Increment_variable":{"runAfter":{"Initialize_variable":["Succeeded"]},"metadata":{"operationMetadataId":"64dd3e4e-6e90-4761-9d24-dee9ea17d2f2"},"type":"IncrementVariable","inputs":{"name":"N°Note de frais","value":1}}},"outputs":{}},"connectionReferences":{"shared_onedriveforbusiness":{"connectionName":"shared-onedriveforbu-b52f9809-701d-4466-bd4a-6e511ab2226e","source":"Embedded","id":"/providers/Microsoft.PowerApps/apis/shared_onedriveforbusiness","tier":"NotSpecified"},"shared_excelonlinebusiness":{"connectionName":"shared-excelonlinebu-0d29809f-676f-489f-bc53-e4fb90fb746a","source":"Embedded","id":"/providers/Microsoft.PowerApps/apis/shared_excelonlinebusiness","tier":"NotSpecified"},"shared_office365":{"connectionName":"shared-office365-ff66b74d-87d3-442d-b312-8b4c83505a92","source":"Embedded","id":"/providers/Microsoft.PowerApps/apis/shared_office365","tier":"NotSpecified"}},"flowFailureAlertSubscribed":false,"isManaged":false}}